,Description,Value,Lower Bound,Upper Bound,alpha,beta,beta_mean,beta_2.5pct,beta_97.5pct
0,Child-Ototoxicity,0.7340000000000001,0.598,0.871,22.754,8.245999999999997,0.7340000000000001,0.5681955741623815,0.8712621416054124
1,Child-NCD,0.52,0.3,0.75,8.32,7.68,0.52,0.28368764871381863,0.7515758320510598
2,Mother-Ototoxicity or NCD,0.85,0.74,0.94,34.85,6.150000000000001,0.8500000000000001,0.7273561766987702,0.9405166740744054
3,Mother-Infant Death,0.92,0.6,0.99,4.6000000000000005,0.3999999999999998,0.9200000000000002,0.5975695706714986,0.9999829894849088
