,Variable Name,Value,Lower Bound,Upper Bound,a,scale,gamma_mean,gamma_2.5pct,gamma_97.5pct
0,cLevel1NurseryAdmissionPerDay,703.0,234.0,1172.0,5.178,135.7667052916184,703.0,233.99928809357024,1425.361305432941
1,cLevel1NursingCarePerDay,410.9,329.0,493.0,86.625,4.743434343434343,410.9,328.9472658273432,501.8307608285952
2,cLevel2NICUAdmissionPerDay,3066.0,1022.0,5109.0,5.188,590.9791827293756,3066.0000000000005,1021.9216032367867,6212.966478629876
3,cLevel2NursingCarePerDay,501.1,401.0,601.0,86.25,5.809855072463768,501.1,400.9524807414535,612.2439492656889
4,cGentamicin1,21.0,7.0,34.0,5.188,4.047802621434079,21.000000000000004,6.999463035868402,42.55456492212244
5,cAmpicillin1,60.0,20.0,100.0,5.188,11.56515034695451,60.0,19.99846581676686,121.5844712060641
6,cInitialNICUTests,682.0,227.0,1137.0,5.177,131.7365269461078,682.0,226.97856914684155,1382.8603559050775
7,cBloodCulture1,172.0,57.0,287.0,5.145,33.43051506316813,172.00000000000003,56.99527637042175,349.3845270830998
8,cCSF,104.0,35.0,174.0,5.26,19.771863117870723,104.0,34.99785212848769,209.90859462410572
