,Variable Name,Value,Lower Bound,Upper Bound,a,scale,gamma_mean,gamma_2.5pct,gamma_97.5pct
0,cInitialNICUTests,160.86,84.26,237.46,12.39999999999997,12.972580645161322,160.86,84.1631582414511,261.98423150990214
1,cSepsisNICUTests,654.36,342.76,965.96,12.39999999999997,52.770967741935614,654.36,342.36605885164704,1065.7217563770953
2,cBloodCulture,37.8,19.8,55.8,12.39999999999997,3.0483870967742006,37.8,19.777243450993726,61.56287424514671
3,cABX,48.99,25.66,72.32,12.39999999999997,3.950806451612913,48.99,25.631935361486317,79.7874393986703
4,cLevel1Room,420.28,294.94,545.62,36.29999999999988,11.577961432506923,420.28,294.83231615144257,567.6160130165388
5,cLevel2Room,782.15,548.88,1015.41,36.29999999999988,21.546831955922933,782.15,548.6891978629742,1056.345447275354
6,cHealthy,221822.05,199639.85,244004.26,364.70000000000334,608.231560186449,221822.04999999996,199637.59324809292,245158.45600266545
7,cNCD,1475666.09,1164233.6,1746350.4,76.7999999999999,19214.402213541693,1475666.09,1164192.3528240202,1823503.5477474232
8,cDeath,10920524.54,6240299.74,15600750.48,15.899999999999958,686825.4427672974,10920524.54,6229521.932680854,16906567.670440212
