,Description,Value,Lower Bound,Upper Bound,a,scale,gamma_mean,gamma_2.5pct,gamma_97.5pct
0,Child-Ototoxicity,24.13930709,22.39161917,25.88741233,603.4826772499999,0.04,24.13930709,22.251538650929252,26.10283873139052
1,Child-NCD,19.48594669,16.28481394,21.52436531,129.90631126666668,0.15,19.485946690000002,16.279354350857624,22.97652721096579
2,Caregiver-Oto or NCD,11.1374353,9.696120141,12.31669315,185.62392166666666,0.060000000000000005,11.1374353,9.59280042785193,12.795684415753373
3,Caregiver-Infant Death,12.05463585,10.48229204,12.9718364,200.9105975,0.060000000000000005,12.05463585,10.445305551525529,13.777583754197067
