Description,Value,Lower Bound,Upper Bound
Child-Ototoxicity,24.13930709,22.39161917,25.88741233
Child-NCD,19.48594669,16.28481394,21.52436531
Caregiver-Oto or NCD,11.1374353,9.696120141,12.31669315
Caregiver-Infant Death,12.05463585,10.48229204,12.9718364